catena,categoria,specifica,unita,prodotto,marca,formato,prezzo,prezzo_unitario,url,data,cap
Iper,Pasta di semola secca,"formato corto o lungo, 500 g - 1 kg, non integrale",kg,,,,,,,,20149
Iper,Riso comune,"non parboiled, confezione 1 kg",kg,,,,,,,,20149
Iper,Pane comune,"sfuso o confezionato, tipo rosetta/filone",kg,,,,,,,,20149
Iper,Farina di frumento tipo 00,confezione 1 kg,kg,,,,,,,,20149
Iper,Zucchero semolato,confezione 1 kg,kg,,,,,,,,20149
Iper,Sale fino da cucina,confezione 1 kg,kg,,,,,,,,20149
Iper,Olio extravergine di oliva,bottiglia 1 L,l,,,,,,,,20149
Iper,Olio di semi di girasole,bottiglia 1 L,l,,,,,,,,20149
Iper,Latte fresco intero,bottiglia/brik 1 L,l,,,,,,,,20149
Iper,Latte UHT intero,brik 1 L,l,,,,,,,,20149
Iper,Uova fresche categoria A,"confezione, prezzo normalizzato a pezzo",pezzo,,,,,,,,20149
Iper,Yogurt bianco intero,multipack 4x125 g,kg,,,,,,,,20149
Iper,Burro,panetto 250 g,kg,,,,,,,,20149
Iper,Grana/Parmigiano stagionato,"al banco o incarto, non grattugiato",kg,,,,,,,,20149
Iper,Mozzarella vaccina,confezione 100-125 g,kg,,,,,,,,20149
Iper,Passata di pomodoro,bottiglia 700 g,kg,,,,,,,,20149
Iper,Pomodori pelati,latta 400 g,kg,,,,,,,,20149
Iper,Legumi in scatola,"fagioli o ceci, 400 g sgocciolato",kg,,,,,,,,20149
Iper,Tonno in scatola sott'olio,confezione 3x80 g o equivalente,kg,,,,,,,,20149
Iper,Caffe macinato per moka,confezione 250 g,kg,,,,,,,,20149
Iper,Biscotti frollini,confezione 700-800 g,kg,,,,,,,,20149
Iper,Acqua minerale naturale,"bottiglia 1,5-2 L",l,,,,,,,,20149
Iper,Mele,"Golden o Gala, sfuse",kg,,,,,,,,20149
Iper,Banane,sfuse,kg,,,,,,,,20149
Iper,Patate comuni,sfuse,kg,,,,,,,,20149
Iper,Carote,sfuse,kg,,,,,,,,20149
Iper,Cipolle dorate,sfuse,kg,,,,,,,,20149
Iper,Pomodori da insalata,sfusi,kg,,,,,,,,20149
Iper,Petto di pollo fresco,al banco o confezionato,kg,,,,,,,,20149
Iper,Carne macinata fresca,"bovina o suina, al banco o confezionata",kg,,,,,,,,20149
Iper,Prosciutto cotto affettato,al banco o confezionato,kg,,,,,,,,20149
Iper,Filetti di merluzzo/nasello surgelati,confezione surgelata,kg,,,,,,,,20149
Iper,Piselli surgelati,confezione 400-750 g,kg,,,,,,,,20149
Iper,Carta igienica,"confezione, prezzo normalizzato al rotolo",pezzo,,,,,,,,20149
Iper,Detersivo piatti,flacone 500 ml - 1 L,l,,,,,,,,20149
Unes/U2,Pasta di semola secca,"formato corto o lungo, 500 g - 1 kg, non integrale",kg,,,,,,,,20149
Unes/U2,Riso comune,"non parboiled, confezione 1 kg",kg,,,,,,,,20149
Unes/U2,Pane comune,"sfuso o confezionato, tipo rosetta/filone",kg,,,,,,,,20149
Unes/U2,Farina di frumento tipo 00,confezione 1 kg,kg,,,,,,,,20149
Unes/U2,Zucchero semolato,confezione 1 kg,kg,,,,,,,,20149
Unes/U2,Sale fino da cucina,confezione 1 kg,kg,,,,,,,,20149
Unes/U2,Olio extravergine di oliva,bottiglia 1 L,l,,,,,,,,20149
Unes/U2,Olio di semi di girasole,bottiglia 1 L,l,,,,,,,,20149
Unes/U2,Latte fresco intero,bottiglia/brik 1 L,l,,,,,,,,20149
Unes/U2,Latte UHT intero,brik 1 L,l,,,,,,,,20149
Unes/U2,Uova fresche categoria A,"confezione, prezzo normalizzato a pezzo",pezzo,,,,,,,,20149
Unes/U2,Yogurt bianco intero,multipack 4x125 g,kg,,,,,,,,20149
Unes/U2,Burro,panetto 250 g,kg,,,,,,,,20149
Unes/U2,Grana/Parmigiano stagionato,"al banco o incarto, non grattugiato",kg,,,,,,,,20149
Unes/U2,Mozzarella vaccina,confezione 100-125 g,kg,,,,,,,,20149
Unes/U2,Passata di pomodoro,bottiglia 700 g,kg,,,,,,,,20149
Unes/U2,Pomodori pelati,latta 400 g,kg,,,,,,,,20149
Unes/U2,Legumi in scatola,"fagioli o ceci, 400 g sgocciolato",kg,,,,,,,,20149
Unes/U2,Tonno in scatola sott'olio,confezione 3x80 g o equivalente,kg,,,,,,,,20149
Unes/U2,Caffe macinato per moka,confezione 250 g,kg,,,,,,,,20149
Unes/U2,Biscotti frollini,confezione 700-800 g,kg,,,,,,,,20149
Unes/U2,Acqua minerale naturale,"bottiglia 1,5-2 L",l,,,,,,,,20149
Unes/U2,Mele,"Golden o Gala, sfuse",kg,,,,,,,,20149
Unes/U2,Banane,sfuse,kg,,,,,,,,20149
Unes/U2,Patate comuni,sfuse,kg,,,,,,,,20149
Unes/U2,Carote,sfuse,kg,,,,,,,,20149
Unes/U2,Cipolle dorate,sfuse,kg,,,,,,,,20149
Unes/U2,Pomodori da insalata,sfusi,kg,,,,,,,,20149
Unes/U2,Petto di pollo fresco,al banco o confezionato,kg,,,,,,,,20149
Unes/U2,Carne macinata fresca,"bovina o suina, al banco o confezionata",kg,,,,,,,,20149
Unes/U2,Prosciutto cotto affettato,al banco o confezionato,kg,,,,,,,,20149
Unes/U2,Filetti di merluzzo/nasello surgelati,confezione surgelata,kg,,,,,,,,20149
Unes/U2,Piselli surgelati,confezione 400-750 g,kg,,,,,,,,20149
Unes/U2,Carta igienica,"confezione, prezzo normalizzato al rotolo",pezzo,,,,,,,,20149
Unes/U2,Detersivo piatti,flacone 500 ml - 1 L,l,,,,,,,,20149
Crai,Pasta di semola secca,"formato corto o lungo, 500 g - 1 kg, non integrale",kg,,,,,,,,20149
Crai,Riso comune,"non parboiled, confezione 1 kg",kg,,,,,,,,20149
Crai,Pane comune,"sfuso o confezionato, tipo rosetta/filone",kg,,,,,,,,20149
Crai,Farina di frumento tipo 00,confezione 1 kg,kg,,,,,,,,20149
Crai,Zucchero semolato,confezione 1 kg,kg,,,,,,,,20149
Crai,Sale fino da cucina,confezione 1 kg,kg,,,,,,,,20149
Crai,Olio extravergine di oliva,bottiglia 1 L,l,,,,,,,,20149
Crai,Olio di semi di girasole,bottiglia 1 L,l,,,,,,,,20149
Crai,Latte fresco intero,bottiglia/brik 1 L,l,,,,,,,,20149
Crai,Latte UHT intero,brik 1 L,l,,,,,,,,20149
Crai,Uova fresche categoria A,"confezione, prezzo normalizzato a pezzo",pezzo,,,,,,,,20149
Crai,Yogurt bianco intero,multipack 4x125 g,kg,,,,,,,,20149
Crai,Burro,panetto 250 g,kg,,,,,,,,20149
Crai,Grana/Parmigiano stagionato,"al banco o incarto, non grattugiato",kg,,,,,,,,20149
Crai,Mozzarella vaccina,confezione 100-125 g,kg,,,,,,,,20149
Crai,Passata di pomodoro,bottiglia 700 g,kg,,,,,,,,20149
Crai,Pomodori pelati,latta 400 g,kg,,,,,,,,20149
Crai,Legumi in scatola,"fagioli o ceci, 400 g sgocciolato",kg,,,,,,,,20149
Crai,Tonno in scatola sott'olio,confezione 3x80 g o equivalente,kg,,,,,,,,20149
Crai,Caffe macinato per moka,confezione 250 g,kg,,,,,,,,20149
Crai,Biscotti frollini,confezione 700-800 g,kg,,,,,,,,20149
Crai,Acqua minerale naturale,"bottiglia 1,5-2 L",l,,,,,,,,20149
Crai,Mele,"Golden o Gala, sfuse",kg,,,,,,,,20149
Crai,Banane,sfuse,kg,,,,,,,,20149
Crai,Patate comuni,sfuse,kg,,,,,,,,20149
Crai,Carote,sfuse,kg,,,,,,,,20149
Crai,Cipolle dorate,sfuse,kg,,,,,,,,20149
Crai,Pomodori da insalata,sfusi,kg,,,,,,,,20149
Crai,Petto di pollo fresco,al banco o confezionato,kg,,,,,,,,20149
Crai,Carne macinata fresca,"bovina o suina, al banco o confezionata",kg,,,,,,,,20149
Crai,Prosciutto cotto affettato,al banco o confezionato,kg,,,,,,,,20149
Crai,Filetti di merluzzo/nasello surgelati,confezione surgelata,kg,,,,,,,,20149
Crai,Piselli surgelati,confezione 400-750 g,kg,,,,,,,,20149
Crai,Carta igienica,"confezione, prezzo normalizzato al rotolo",pezzo,,,,,,,,20149
Crai,Detersivo piatti,flacone 500 ml - 1 L,l,,,,,,,,20149
Esselunga,Pasta di semola secca,"formato corto o lungo, 500 g - 1 kg, non integrale",kg,,,,,,,,20149
Esselunga,Riso comune,"non parboiled, confezione 1 kg",kg,,,,,,,,20149
Esselunga,Pane comune,"sfuso o confezionato, tipo rosetta/filone",kg,,,,,,,,20149
Esselunga,Farina di frumento tipo 00,confezione 1 kg,kg,,,,,,,,20149
Esselunga,Zucchero semolato,confezione 1 kg,kg,,,,,,,,20149
Esselunga,Sale fino da cucina,confezione 1 kg,kg,,,,,,,,20149
Esselunga,Olio extravergine di oliva,bottiglia 1 L,l,,,,,,,,20149
Esselunga,Olio di semi di girasole,bottiglia 1 L,l,,,,,,,,20149
Esselunga,Latte fresco intero,bottiglia/brik 1 L,l,,,,,,,,20149
Esselunga,Latte UHT intero,brik 1 L,l,,,,,,,,20149
Esselunga,Uova fresche categoria A,"confezione, prezzo normalizzato a pezzo",pezzo,,,,,,,,20149
Esselunga,Yogurt bianco intero,multipack 4x125 g,kg,,,,,,,,20149
Esselunga,Burro,panetto 250 g,kg,,,,,,,,20149
Esselunga,Grana/Parmigiano stagionato,"al banco o incarto, non grattugiato",kg,,,,,,,,20149
Esselunga,Mozzarella vaccina,confezione 100-125 g,kg,,,,,,,,20149
Esselunga,Passata di pomodoro,bottiglia 700 g,kg,,,,,,,,20149
Esselunga,Pomodori pelati,latta 400 g,kg,,,,,,,,20149
Esselunga,Legumi in scatola,"fagioli o ceci, 400 g sgocciolato",kg,,,,,,,,20149
Esselunga,Tonno in scatola sott'olio,confezione 3x80 g o equivalente,kg,,,,,,,,20149
Esselunga,Caffe macinato per moka,confezione 250 g,kg,,,,,,,,20149
Esselunga,Biscotti frollini,confezione 700-800 g,kg,,,,,,,,20149
Esselunga,Acqua minerale naturale,"bottiglia 1,5-2 L",l,,,,,,,,20149
Esselunga,Mele,"Golden o Gala, sfuse",kg,,,,,,,,20149
Esselunga,Banane,sfuse,kg,,,,,,,,20149
Esselunga,Patate comuni,sfuse,kg,,,,,,,,20149
Esselunga,Carote,sfuse,kg,,,,,,,,20149
Esselunga,Cipolle dorate,sfuse,kg,,,,,,,,20149
Esselunga,Pomodori da insalata,sfusi,kg,,,,,,,,20149
Esselunga,Petto di pollo fresco,al banco o confezionato,kg,,,,,,,,20149
Esselunga,Carne macinata fresca,"bovina o suina, al banco o confezionata",kg,,,,,,,,20149
Esselunga,Prosciutto cotto affettato,al banco o confezionato,kg,,,,,,,,20149
Esselunga,Filetti di merluzzo/nasello surgelati,confezione surgelata,kg,,,,,,,,20149
Esselunga,Piselli surgelati,confezione 400-750 g,kg,,,,,,,,20149
Esselunga,Carta igienica,"confezione, prezzo normalizzato al rotolo",pezzo,,,,,,,,20149
Esselunga,Detersivo piatti,flacone 500 ml - 1 L,l,,,,,,,,20149
Coop,Pasta di semola secca,"formato corto o lungo, 500 g - 1 kg, non integrale",kg,,,,,,,,20149
Coop,Riso comune,"non parboiled, confezione 1 kg",kg,,,,,,,,20149
Coop,Pane comune,"sfuso o confezionato, tipo rosetta/filone",kg,,,,,,,,20149
Coop,Farina di frumento tipo 00,confezione 1 kg,kg,,,,,,,,20149
Coop,Zucchero semolato,confezione 1 kg,kg,,,,,,,,20149
Coop,Sale fino da cucina,confezione 1 kg,kg,,,,,,,,20149
Coop,Olio extravergine di oliva,bottiglia 1 L,l,,,,,,,,20149
Coop,Olio di semi di girasole,bottiglia 1 L,l,,,,,,,,20149
Coop,Latte fresco intero,bottiglia/brik 1 L,l,,,,,,,,20149
Coop,Latte UHT intero,brik 1 L,l,,,,,,,,20149
Coop,Uova fresche categoria A,"confezione, prezzo normalizzato a pezzo",pezzo,,,,,,,,20149
Coop,Yogurt bianco intero,multipack 4x125 g,kg,,,,,,,,20149
Coop,Burro,panetto 250 g,kg,,,,,,,,20149
Coop,Grana/Parmigiano stagionato,"al banco o incarto, non grattugiato",kg,,,,,,,,20149
Coop,Mozzarella vaccina,confezione 100-125 g,kg,,,,,,,,20149
Coop,Passata di pomodoro,bottiglia 700 g,kg,,,,,,,,20149
Coop,Pomodori pelati,latta 400 g,kg,,,,,,,,20149
Coop,Legumi in scatola,"fagioli o ceci, 400 g sgocciolato",kg,,,,,,,,20149
Coop,Tonno in scatola sott'olio,confezione 3x80 g o equivalente,kg,,,,,,,,20149
Coop,Caffe macinato per moka,confezione 250 g,kg,,,,,,,,20149
Coop,Biscotti frollini,confezione 700-800 g,kg,,,,,,,,20149
Coop,Acqua minerale naturale,"bottiglia 1,5-2 L",l,,,,,,,,20149
Coop,Mele,"Golden o Gala, sfuse",kg,,,,,,,,20149
Coop,Banane,sfuse,kg,,,,,,,,20149
Coop,Patate comuni,sfuse,kg,,,,,,,,20149
Coop,Carote,sfuse,kg,,,,,,,,20149
Coop,Cipolle dorate,sfuse,kg,,,,,,,,20149
Coop,Pomodori da insalata,sfusi,kg,,,,,,,,20149
Coop,Petto di pollo fresco,al banco o confezionato,kg,,,,,,,,20149
Coop,Carne macinata fresca,"bovina o suina, al banco o confezionata",kg,,,,,,,,20149
Coop,Prosciutto cotto affettato,al banco o confezionato,kg,,,,,,,,20149
Coop,Filetti di merluzzo/nasello surgelati,confezione surgelata,kg,,,,,,,,20149
Coop,Piselli surgelati,confezione 400-750 g,kg,,,,,,,,20149
Coop,Carta igienica,"confezione, prezzo normalizzato al rotolo",pezzo,,,,,,,,20149
Coop,Detersivo piatti,flacone 500 ml - 1 L,l,,,,,,,,20149
Carrefour,Pasta di semola secca,"formato corto o lungo, 500 g - 1 kg, non integrale",kg,,,,,,,,20149
Carrefour,Riso comune,"non parboiled, confezione 1 kg",kg,,,,,,,,20149
Carrefour,Pane comune,"sfuso o confezionato, tipo rosetta/filone",kg,,,,,,,,20149
Carrefour,Farina di frumento tipo 00,confezione 1 kg,kg,,,,,,,,20149
Carrefour,Zucchero semolato,confezione 1 kg,kg,,,,,,,,20149
Carrefour,Sale fino da cucina,confezione 1 kg,kg,,,,,,,,20149
Carrefour,Olio extravergine di oliva,bottiglia 1 L,l,,,,,,,,20149
Carrefour,Olio di semi di girasole,bottiglia 1 L,l,,,,,,,,20149
Carrefour,Latte fresco intero,bottiglia/brik 1 L,l,,,,,,,,20149
Carrefour,Latte UHT intero,brik 1 L,l,,,,,,,,20149
Carrefour,Uova fresche categoria A,"confezione, prezzo normalizzato a pezzo",pezzo,,,,,,,,20149
Carrefour,Yogurt bianco intero,multipack 4x125 g,kg,,,,,,,,20149
Carrefour,Burro,panetto 250 g,kg,,,,,,,,20149
Carrefour,Grana/Parmigiano stagionato,"al banco o incarto, non grattugiato",kg,,,,,,,,20149
Carrefour,Mozzarella vaccina,confezione 100-125 g,kg,,,,,,,,20149
Carrefour,Passata di pomodoro,bottiglia 700 g,kg,,,,,,,,20149
Carrefour,Pomodori pelati,latta 400 g,kg,,,,,,,,20149
Carrefour,Legumi in scatola,"fagioli o ceci, 400 g sgocciolato",kg,,,,,,,,20149
Carrefour,Tonno in scatola sott'olio,confezione 3x80 g o equivalente,kg,,,,,,,,20149
Carrefour,Caffe macinato per moka,confezione 250 g,kg,,,,,,,,20149
Carrefour,Biscotti frollini,confezione 700-800 g,kg,,,,,,,,20149
Carrefour,Acqua minerale naturale,"bottiglia 1,5-2 L",l,,,,,,,,20149
Carrefour,Mele,"Golden o Gala, sfuse",kg,,,,,,,,20149
Carrefour,Banane,sfuse,kg,,,,,,,,20149
Carrefour,Patate comuni,sfuse,kg,,,,,,,,20149
Carrefour,Carote,sfuse,kg,,,,,,,,20149
Carrefour,Cipolle dorate,sfuse,kg,,,,,,,,20149
Carrefour,Pomodori da insalata,sfusi,kg,,,,,,,,20149
Carrefour,Petto di pollo fresco,al banco o confezionato,kg,,,,,,,,20149
Carrefour,Carne macinata fresca,"bovina o suina, al banco o confezionata",kg,,,,,,,,20149
Carrefour,Prosciutto cotto affettato,al banco o confezionato,kg,,,,,,,,20149
Carrefour,Filetti di merluzzo/nasello surgelati,confezione surgelata,kg,,,,,,,,20149
Carrefour,Piselli surgelati,confezione 400-750 g,kg,,,,,,,,20149
Carrefour,Carta igienica,"confezione, prezzo normalizzato al rotolo",pezzo,,,,,,,,20149
Carrefour,Detersivo piatti,flacone 500 ml - 1 L,l,,,,,,,,20149
